timestamp,cpu_user,cpu_system,cpu_idle,cpu_used,scenario,sample,simulated_time,cpu_iowait,cpu_workers
2026-08-31 23:10:13.522618,0.7557,1.5113,97.733,2.267,andm_inspired_rural,0,Morning,0.0,0
2026-08-31 23:10:14.494670,3.3426,5.8496,90.5292,9.4708,andm_inspired_rural,1,Morning,0.2786,0
2026-08-31 23:10:15.494688,1.6304,3.2609,95.1087,4.8913,andm_inspired_rural,2,Morning,0.0,0
2026-08-31 23:10:16.491966,1.0782,3.504,95.4178,4.5822,andm_inspired_rural,3,Morning,0.0,0
2026-08-31 23:10:17.510433,2.6738,3.7433,93.5829,6.4171,andm_inspired_rural,4,Morning,0.0,0
2026-08-31 23:10:18.491254,6.6474,6.3584,86.9942,13.0058,andm_inspired_rural,5,Morning,0.0,0
2026-08-31 23:10:19.503530,1.8617,3.9894,94.1489,5.8511,andm_inspired_rural,6,Morning,0.0,0
2026-08-31 23:10:20.491025,2.4129,5.0938,92.4933,7.5067,andm_inspired_rural,7,Morning,0.0,0
2026-08-31 23:10:21.492645,2.1739,3.8043,94.0217,5.9783,andm_inspired_rural,8,Morning,0.0,0
2026-08-31 23:10:22.493395,5.0562,5.3371,89.0449,10.9551,andm_inspired_rural,9,Morning,0.5618,0
2026-08-31 23:10:23.491967,1.9074,4.0872,94.0054,5.9946,andm_inspired_rural,10,Morning,0.0,0
2026-08-31 23:10:24.492793,2.7933,5.8659,91.3408,8.6592,andm_inspired_rural,11,Morning,0.0,0
2026-08-31 23:10:25.544798,1.2987,3.1169,95.5844,4.4156,andm_inspired_rural,12,Morning,0.0,0
2026-08-31 23:10:26.497316,1.1204,2.2409,96.6387,3.3613,andm_inspired_rural,13,Morning,0.0,0
2026-08-31 23:10:27.495589,1.0753,3.7634,94.3548,5.6452,andm_inspired_rural,14,Morning,0.8065,0
2026-08-31 23:10:28.492217,6.6667,4.1667,89.1667,10.8333,andm_inspired_rural,15,Morning,0.0,0
2026-08-31 23:10:29.502609,5.2632,4.9861,89.7507,10.2493,andm_inspired_rural,16,Morning,0.0,0
2026-08-31 23:10:30.497029,2.3873,4.7745,92.8382,7.1618,andm_inspired_rural,17,Morning,0.0,0
2026-08-31 23:10:31.495297,1.3477,3.2345,95.4178,4.5822,andm_inspired_rural,18,Morning,0.0,0
2026-08-31 23:10:32.493941,1.3514,3.2432,95.4054,4.5946,andm_inspired_rural,19,Morning,0.0,0
2026-08-31 23:10:33.491407,1.6304,3.2609,95.1087,4.8913,andm_inspired_rural,20,Morning,0.0,0
2026-08-31 23:10:34.491743,1.0899,4.0872,94.8229,5.1771,andm_inspired_rural,21,Morning,0.0,0
2026-08-31 23:10:35.500052,1.3514,3.5135,95.1351,4.8649,andm_inspired_rural,22,Morning,0.0,0
2026-08-31 23:10:36.497988,0.8065,2.4194,96.7742,3.2258,andm_inspired_rural,23,Morning,0.0,0
2026-08-31 23:10:37.493599,1.0899,4.0872,94.5504,5.4496,andm_inspired_rural,24,Morning,0.2725,0
2026-08-31 23:10:38.545264,0.7634,3.0534,96.1832,3.8168,andm_inspired_rural,25,Morning,0.0,0
2026-08-31 23:10:39.492604,1.4493,3.4783,95.0725,4.9275,andm_inspired_rural,26,Morning,0.0,0
2026-08-31 23:10:40.498053,0.8065,3.2258,95.9677,4.0323,andm_inspired_rural,27,Morning,0.0,0
2026-08-31 23:10:41.539789,0.7874,3.6745,95.5381,4.4619,andm_inspired_rural,28,Morning,0.0,0
2026-08-31 23:10:42.509084,1.087,2.9891,95.1087,4.8913,andm_inspired_rural,29,Morning,0.8152,0
2026-08-31 23:10:43.523812,1.5873,4.2328,94.1799,5.8201,andm_inspired_rural,30,Morning,0.0,0
2026-08-31 23:10:44.491035,0.8427,3.6517,95.5056,4.4944,andm_inspired_rural,31,Morning,0.0,0
2026-08-31 23:10:45.493291,1.3736,4.3956,94.2308,5.7692,andm_inspired_rural,32,Morning,0.0,0
2026-08-31 23:10:46.491266,0.5362,2.681,96.7828,3.2172,andm_inspired_rural,33,Morning,0.0,0
2026-08-31 23:10:47.491971,0.8108,3.5135,95.4054,4.5946,andm_inspired_rural,34,Morning,0.2703,0
2026-08-31 23:10:48.491796,1.0782,2.1563,96.7655,3.2345,andm_inspired_rural,35,Morning,0.0,0
2026-08-31 23:10:49.493444,1.3661,4.0984,94.5355,5.4645,andm_inspired_rural,36,Morning,0.0,0
2026-08-31 23:10:50.493761,1.0959,2.7397,96.1644,3.8356,andm_inspired_rural,37,Morning,0.0,0
2026-08-31 23:10:51.495185,1.0724,3.7534,95.1743,4.8257,andm_inspired_rural,38,Morning,0.0,0
2026-08-31 23:10:52.497662,1.0667,2.6667,95.7333,4.2667,andm_inspired_rural,39,Morning,0.5333,0
2026-08-31 23:10:53.504953,2.1918,5.7534,91.7808,8.2192,andm_inspired_rural,40,Morning,0.274,0
2026-08-31 23:10:54.494124,2.7778,6.1111,91.1111,8.8889,andm_inspired_rural,41,Morning,0.0,0
2026-08-31 23:10:55.494300,1.3661,3.2787,95.3552,4.6448,andm_inspired_rural,42,Morning,0.0,0
2026-08-31 23:10:56.501955,0.8242,1.9231,96.7033,3.2967,andm_inspired_rural,43,Morning,0.5495,0
2026-08-31 23:10:57.492818,1.6438,4.1096,93.9726,6.0274,andm_inspired_rural,44,Morning,0.274,0
2026-08-31 23:10:58.494981,1.3405,2.9491,95.7105,4.2895,andm_inspired_rural,45,Morning,0.0,0
2026-08-31 23:10:59.493088,1.9074,2.9973,95.0954,4.9046,andm_inspired_rural,46,Morning,0.0,0
2026-08-31 23:11:00.496596,1.6216,3.5135,94.8649,5.1351,andm_inspired_rural,47,Morning,0.0,0
2026-08-31 23:11:01.493600,1.3477,3.504,94.8787,5.1213,andm_inspired_rural,48,Morning,0.2695,0
2026-08-31 23:11:02.493687,1.0899,2.7248,96.1853,3.8147,andm_inspired_rural,49,Morning,0.0,0
2026-08-31 23:11:03.495549,1.3624,3.5422,95.0954,4.9046,andm_inspired_rural,50,Morning,0.0,0
2026-08-31 23:11:04.534539,1.8519,3.7037,94.4444,5.5556,andm_inspired_rural,51,Morning,0.0,0
2026-08-31 23:11:05.491873,1.3774,3.0303,95.5923,4.4077,andm_inspired_rural,52,Morning,0.0,0
2026-08-31 23:11:06.512067,0.7958,3.183,95.4907,4.5093,andm_inspired_rural,53,Morning,0.5305,0
2026-08-31 23:11:07.504311,1.0811,3.2432,95.6757,4.3243,andm_inspired_rural,54,Morning,0.0,0
2026-08-31 23:11:08.491156,0.5405,3.2432,96.2162,3.7838,andm_inspired_rural,55,Morning,0.0,0
2026-08-31 23:11:09.491285,1.6484,3.8462,94.5055,5.4945,andm_inspired_rural,56,Morning,0.0,0
2026-08-31 23:11:10.511189,0.8021,2.9412,96.2567,3.7433,andm_inspired_rural,57,Morning,0.0,0
2026-08-31 23:11:11.494376,1.0929,3.2787,95.3552,4.6448,andm_inspired_rural,58,Morning,0.2732,0
2026-08-31 23:11:12.494794,0.8086,2.6954,96.496,3.504,andm_inspired_rural,59,Morning,0.0,0
2026-08-31 23:11:24.612829,2.0785,7.6212,90.3002,9.6998,andm_inspired_rural,60,Afternoon,0.0,0
2026-08-31 23:11:25.851909,1.6432,8.216,90.1408,9.8592,andm_inspired_rural,61,Afternoon,0.0,0
2026-08-31 23:11:27.078441,1.6471,7.2941,91.0588,8.9412,andm_inspired_rural,62,Afternoon,0.0,0
2026-08-31 23:11:28.312779,1.8433,6.4516,91.7051,8.2949,andm_inspired_rural,63,Afternoon,0.0,0
2026-08-31 23:11:29.346277,10.9859,9.0141,80.0,20.0,andm_inspired_rural,64,Afternoon,0.0,0
2026-08-31 23:11:30.583741,4.6404,8.1206,87.239,12.761,andm_inspired_rural,65,Afternoon,0.0,0
2026-08-31 23:11:31.823699,2.069,9.8851,88.046,11.954,andm_inspired_rural,66,Afternoon,0.0,0
2026-08-31 23:11:33.115410,1.3245,6.8433,91.8322,8.1678,andm_inspired_rural,67,Afternoon,0.0,0
2026-08-31 23:11:34.363880,11.1628,7.907,80.9302,19.0698,andm_inspired_rural,68,Afternoon,0.0,0
2026-08-31 23:11:35.603394,2.2277,9.901,87.8713,12.1287,andm_inspired_rural,69,Afternoon,0.0,0
2026-08-31 23:11:36.862314,2.3148,9.4907,88.1944,11.8056,andm_inspired_rural,70,Afternoon,0.0,0
2026-08-31 23:11:38.092152,0.6912,6.682,92.3963,7.6037,andm_inspired_rural,71,Afternoon,0.2304,0
2026-08-31 23:11:39.337334,1.6241,6.0325,92.3434,7.6566,andm_inspired_rural,72,Afternoon,0.0,0
2026-08-31 23:11:40.410044,2.1108,6.3325,91.5567,8.4433,andm_inspired_rural,73,Afternoon,0.0,0
2026-08-31 23:11:41.365019,1.8349,6.7278,91.4373,8.5627,andm_inspired_rural,74,Afternoon,0.0,0
2026-08-31 23:11:42.586398,2.1277,7.3286,90.5437,9.4563,andm_inspired_rural,75,Afternoon,0.0,0
2026-08-31 23:11:43.815142,2.1583,7.4341,90.1679,9.8321,andm_inspired_rural,76,Afternoon,0.2398,0
2026-08-31 23:11:45.044821,1.6588,6.3981,91.9431,8.0569,andm_inspired_rural,77,Afternoon,0.0,0
2026-08-31 23:11:46.267502,0.9501,7.1259,91.924,8.076,andm_inspired_rural,78,Afternoon,0.0,0
2026-08-31 23:11:47.499719,1.3793,6.4368,92.1839,7.8161,andm_inspired_rural,79,Afternoon,0.0,0
2026-08-31 23:11:48.736531,0.9112,6.3781,92.4829,7.5171,andm_inspired_rural,80,Afternoon,0.2278,0
2026-08-31 23:11:49.738452,1.1331,6.5156,92.3513,7.6487,andm_inspired_rural,81,Afternoon,0.0,0
2026-08-31 23:11:50.963110,1.6317,5.5944,92.7739,7.2261,andm_inspired_rural,82,Afternoon,0.0,0
2026-08-31 23:11:52.186303,0.9456,6.1466,92.9078,7.0922,andm_inspired_rural,83,Afternoon,0.0,0
2026-08-31 23:11:53.195221,1.7143,6.8571,91.4286,8.5714,andm_inspired_rural,84,Afternoon,0.0,0
2026-08-31 23:11:54.418719,0.6961,5.5684,93.7355,6.2645,andm_inspired_rural,85,Afternoon,0.0,0
2026-08-31 23:11:55.651684,1.6509,7.5472,90.8019,9.1981,andm_inspired_rural,86,Afternoon,0.0,0
2026-08-31 23:11:56.893993,2.1226,8.7264,89.1509,10.8491,andm_inspired_rural,87,Afternoon,0.0,0
2026-08-31 23:11:58.129783,1.1682,7.0093,91.8224,8.1776,andm_inspired_rural,88,Afternoon,0.0,0
2026-08-31 23:11:59.356500,1.3921,7.8886,90.7193,9.2807,andm_inspired_rural,89,Afternoon,0.0,0
2026-08-31 23:12:00.590173,1.5982,7.5342,90.6393,9.3607,andm_inspired_rural,90,Afternoon,0.2283,0
2026-08-31 23:12:01.819740,1.4118,7.0588,91.5294,8.4706,andm_inspired_rural,91,Afternoon,0.0,0
2026-08-31 23:12:03.063350,1.3761,7.1101,91.5138,8.4862,andm_inspired_rural,92,Afternoon,0.0,0
2026-08-31 23:12:04.299323,0.9346,6.3084,92.757,7.243,andm_inspired_rural,93,Afternoon,0.0,0
2026-08-31 23:12:05.523139,1.6393,6.7916,91.5691,8.4309,andm_inspired_rural,94,Afternoon,0.0,0
2026-08-31 23:12:06.747457,0.6993,5.5944,93.4732,6.5268,andm_inspired_rural,95,Afternoon,0.2331,0
2026-08-31 23:12:07.974492,1.1628,8.1395,90.6977,9.3023,andm_inspired_rural,96,Afternoon,0.0,0
2026-08-31 23:12:09.206006,0.9456,6.6194,92.435,7.565,andm_inspired_rural,97,Afternoon,0.0,0
2026-08-31 23:12:10.436059,1.1601,6.2645,92.5754,7.4246,andm_inspired_rural,98,Afternoon,0.0,0
2026-08-31 23:12:11.728867,1.9824,8.1498,89.8678,10.1322,andm_inspired_rural,99,Afternoon,0.0,0
2026-08-31 23:12:12.967208,1.4085,8.216,90.3756,9.6244,andm_inspired_rural,100,Afternoon,0.0,0
2026-08-31 23:12:14.201226,1.1876,8.3135,90.4988,9.5012,andm_inspired_rural,101,Afternoon,0.0,0
2026-08-31 23:12:15.452445,1.8692,7.9439,90.1869,9.8131,andm_inspired_rural,102,Afternoon,0.0,0
2026-08-31 23:12:16.696632,2.1583,10.7914,87.0504,12.9496,andm_inspired_rural,103,Afternoon,0.0,0
2026-08-31 23:12:17.924407,2.1583,7.6739,90.1679,9.8321,andm_inspired_rural,104,Afternoon,0.0,0
2026-08-31 23:12:19.178413,3.6697,8.0275,88.3028,11.6972,andm_inspired_rural,105,Afternoon,0.0,0
2026-08-31 23:12:20.411099,2.1028,8.1776,89.7196,10.2804,andm_inspired_rural,106,Afternoon,0.0,0
2026-08-31 23:12:21.688416,1.566,7.83,90.3803,9.6197,andm_inspired_rural,107,Afternoon,0.2237,0
2026-08-31 23:12:22.975067,1.573,8.0899,90.3371,9.6629,andm_inspired_rural,108,Afternoon,0.0,0
2026-08-31 23:12:24.007264,1.1204,7.2829,91.5966,8.4034,andm_inspired_rural,109,Afternoon,0.0,0
2026-08-31 23:12:25.007413,1.4451,7.2254,91.3295,8.6705,andm_inspired_rural,110,Afternoon,0.0,0
2026-08-31 23:12:26.237115,1.6241,8.3527,90.0232,9.9768,andm_inspired_rural,111,Afternoon,0.0,0
2026-08-31 23:12:27.203324,1.4793,7.3964,90.8284,9.1716,andm_inspired_rural,112,Afternoon,0.2959,0
2026-08-31 23:12:28.430190,0.6961,5.8005,93.5035,6.4965,andm_inspired_rural,113,Afternoon,0.0,0
2026-08-31 23:12:29.668942,4.9763,6.3981,88.6256,11.3744,andm_inspired_rural,114,Afternoon,0.0,0
2026-08-31 23:12:30.902406,3.9813,7.7283,88.2904,11.7096,andm_inspired_rural,115,Afternoon,0.0,0
2026-08-31 23:12:32.133895,1.4019,5.8411,92.5234,7.4766,andm_inspired_rural,116,Afternoon,0.2336,0
2026-08-31 23:12:33.364960,1.3761,6.6514,91.9725,8.0275,andm_inspired_rural,117,Afternoon,0.0,0
2026-08-31 23:12:34.598269,0.9302,7.4419,91.6279,8.3721,andm_inspired_rural,118,Afternoon,0.0,0
2026-08-31 23:12:35.850815,0.9132,5.9361,93.1507,6.8493,andm_inspired_rural,119,Afternoon,0.0,0
2026-08-31 23:12:47.334975,1.0667,3.7333,95.2,4.8,andm_inspired_rural,120,Night,0.0,0
2026-08-31 23:12:48.333547,1.0695,2.9412,95.9893,4.0107,andm_inspired_rural,121,Night,0.0,0
2026-08-31 23:12:49.334896,1.6173,4.8518,93.531,6.469,andm_inspired_rural,122,Night,0.0,0
2026-08-31 23:12:50.348764,1.3333,3.7333,94.9333,5.0667,andm_inspired_rural,123,Night,0.0,0
2026-08-31 23:12:51.336116,1.0899,4.0872,94.8229,5.1771,andm_inspired_rural,124,Night,0.0,0
2026-08-31 23:12:52.388742,1.005,3.0151,95.9799,4.0201,andm_inspired_rural,125,Night,0.0,0
2026-08-31 23:12:53.342890,1.1236,3.3708,95.5056,4.4944,andm_inspired_rural,126,Night,0.0,0
2026-08-31 23:12:54.335900,0.8043,2.9491,95.9786,4.0214,andm_inspired_rural,127,Night,0.2681,0
2026-08-31 23:12:55.335500,1.626,4.065,94.3089,5.6911,andm_inspired_rural,128,Night,0.0,0
2026-08-31 23:12:56.335009,0.545,2.7248,96.7302,3.2698,andm_inspired_rural,129,Night,0.0,0
2026-08-31 23:12:57.345714,1.0638,3.1915,95.7447,4.2553,andm_inspired_rural,130,Night,0.0,0
2026-08-31 23:12:58.336676,1.9074,4.3597,93.733,6.267,andm_inspired_rural,131,Night,0.0,0
2026-08-31 23:12:59.354715,0.8,2.6667,96.5333,3.4667,andm_inspired_rural,132,Night,0.0,0
2026-08-31 23:13:00.397859,1.5707,4.4503,93.7173,6.2827,andm_inspired_rural,133,Night,0.2618,0
2026-08-31 23:13:01.341061,0.8571,2.8571,96.2857,3.7143,andm_inspired_rural,134,Night,0.0,0
2026-08-31 23:13:02.427891,1.2285,2.9484,95.8231,4.1769,andm_inspired_rural,135,Night,0.0,0
2026-08-31 23:13:03.356784,4.0881,8.1761,87.7358,12.2642,andm_inspired_rural,136,Night,0.0,0
2026-08-31 23:13:04.478927,3.3679,8.2902,88.0829,11.9171,andm_inspired_rural,137,Night,0.2591,0
2026-08-31 23:13:05.346167,3.9634,10.061,85.9756,14.0244,andm_inspired_rural,138,Night,0.0,0
2026-08-31 23:13:06.334303,2.5424,5.9322,91.5254,8.4746,andm_inspired_rural,139,Night,0.0,0
2026-08-31 23:13:07.371884,1.0667,3.7333,95.2,4.8,andm_inspired_rural,140,Night,0.0,0
2026-08-31 23:13:08.340296,1.9499,4.4568,93.5933,6.4067,andm_inspired_rural,141,Night,0.0,0
2026-08-31 23:13:09.339087,0.542,4.336,94.8509,5.1491,andm_inspired_rural,142,Night,0.271,0
2026-08-31 23:13:10.337145,1.087,2.9891,95.9239,4.0761,andm_inspired_rural,143,Night,0.0,0
2026-08-31 23:13:11.337512,1.0899,3.2698,95.6403,4.3597,andm_inspired_rural,144,Night,0.0,0
2026-08-31 23:13:12.343430,1.9774,5.3672,92.6554,7.3446,andm_inspired_rural,145,Night,0.0,0
2026-08-31 23:13:13.341140,1.0929,4.3716,94.5355,5.4645,andm_inspired_rural,146,Night,0.0,0
2026-08-31 23:13:14.336023,1.6304,4.0761,94.0217,5.9783,andm_inspired_rural,147,Night,0.2717,0
2026-08-31 23:13:15.342755,2.9973,6.267,90.7357,9.2643,andm_inspired_rural,148,Night,0.0,0
2026-08-31 23:13:16.348837,1.0811,4.0541,94.8649,5.1351,andm_inspired_rural,149,Night,0.0,0
2026-08-31 23:13:17.369732,1.8519,4.7619,93.3862,6.6138,andm_inspired_rural,150,Night,0.0,0
2026-08-31 23:13:18.342534,1.6854,3.6517,94.6629,5.3371,andm_inspired_rural,151,Night,0.0,0
2026-08-31 23:13:19.367377,1.3514,3.5135,95.1351,4.8649,andm_inspired_rural,152,Night,0.0,0
2026-08-31 23:13:20.351342,4.1783,4.4568,91.0864,8.9136,andm_inspired_rural,153,Night,0.2786,0
2026-08-31 23:13:21.340862,0.8152,3.2609,95.6522,4.3478,andm_inspired_rural,154,Night,0.2717,0
2026-08-31 23:13:22.333757,1.9126,4.6448,93.4426,6.5574,andm_inspired_rural,155,Night,0.0,0
2026-08-31 23:13:23.334108,0.8086,2.4259,96.7655,3.2345,andm_inspired_rural,156,Night,0.0,0
2026-08-31 23:13:24.337151,1.626,4.336,94.0379,5.9621,andm_inspired_rural,157,Night,0.0,0
2026-08-31 23:13:25.353135,1.3158,2.8947,95.7895,4.2105,andm_inspired_rural,158,Night,0.0,0
2026-08-31 23:13:26.342698,1.3587,3.8043,94.837,5.163,andm_inspired_rural,159,Night,0.0,0
2026-08-31 23:13:27.334050,1.3333,2.9333,95.7333,4.2667,andm_inspired_rural,160,Night,0.0,0
2026-08-31 23:13:28.418865,1.2407,2.9777,95.7816,4.2184,andm_inspired_rural,161,Night,0.0,0
2026-08-31 23:13:29.340102,0.8798,3.2258,95.8944,4.1056,andm_inspired_rural,162,Night,0.0,0
2026-08-31 23:13:30.336973,4.1096,4.6575,90.9589,9.0411,andm_inspired_rural,163,Night,0.274,0
2026-08-31 23:13:31.336453,2.6738,3.4759,93.8503,6.1497,andm_inspired_rural,164,Night,0.0,0
2026-08-31 23:13:32.333351,1.8919,4.3243,93.7838,6.2162,andm_inspired_rural,165,Night,0.0,0
2026-08-31 23:13:33.369571,0.7752,3.6176,95.6072,4.3928,andm_inspired_rural,166,Night,0.0,0
2026-08-31 23:13:34.335407,1.676,3.352,94.9721,5.0279,andm_inspired_rural,167,Night,0.0,0
2026-08-31 23:13:35.335102,0.7979,3.1915,96.0106,3.9894,andm_inspired_rural,168,Night,0.0,0
2026-08-31 23:13:36.336548,1.0695,4.0107,94.9198,5.0802,andm_inspired_rural,169,Night,0.0,0
2026-08-31 23:13:37.344010,0.7979,2.9255,96.2766,3.7234,andm_inspired_rural,170,Night,0.0,0
2026-08-31 23:13:38.581130,0.8734,2.8384,96.2882,3.7118,andm_inspired_rural,171,Night,0.0,0
2026-08-31 23:13:39.345097,1.3793,3.7931,94.8276,5.1724,andm_inspired_rural,172,Night,0.0,0
2026-08-31 23:13:40.350157,1.626,4.878,93.2249,6.7751,andm_inspired_rural,173,Night,0.271,0
2026-08-31 23:13:41.336816,1.0929,3.8251,95.082,4.918,andm_inspired_rural,174,Night,0.0,0
2026-08-31 23:13:42.333734,1.6216,4.3243,94.0541,5.9459,andm_inspired_rural,175,Night,0.0,0
2026-08-31 23:13:43.349279,1.8767,2.681,95.4424,4.5576,andm_inspired_rural,176,Night,0.0,0
2026-08-31 23:13:44.362507,1.8817,4.5699,93.5484,6.4516,andm_inspired_rural,177,Night,0.0,0
2026-08-31 23:13:45.340309,12.61,6.4516,80.9384,19.0616,andm_inspired_rural,178,Night,0.0,0
2026-08-31 23:13:46.356121,1.9178,4.3836,93.6986,6.3014,andm_inspired_rural,179,Night,0.0,0
